,name,bezoldiging,year,page,file
0,[01/01] – [31/12],,2020,30,DigiMV2020_VFM29THY99_0_01099530_Jaarrekening_3057_Regiecentrum Bescherming en Veiligheid (Stichting) .pdf
1,[01/01] – [31/12],,2020,30,DigiMV2020_VFM29THY99_0_01099530_Jaarrekening_3057_Regiecentrum Bescherming en Veiligheid (Stichting) .pdf
2,[01/01] – [31/12],149.795,None,30,DigiMV2020_VFM29THY99_0_01099530_Jaarrekening_3057_Regiecentrum Bescherming en Veiligheid (Stichting) .pdf
3,[01/01] – [31/12],148.881,None,30,DigiMV2020_VFM29THY99_0_01099530_Jaarrekening_3057_Regiecentrum Bescherming en Veiligheid (Stichting) .pdf
4,[01/01] – [31/12],,2019,30,DigiMV2020_VFM29THY99_0_01099530_Jaarrekening_3057_Regiecentrum Bescherming en Veiligheid (Stichting) .pdf
5,[01/01] – [31/12],,2019,30,DigiMV2020_VFM29THY99_0_01099530_Jaarrekening_3057_Regiecentrum Bescherming en Veiligheid (Stichting) .pdf
6,[01/01] – [31/12],,2019,30,DigiMV2020_VFM29THY99_0_01099530_Jaarrekening_3057_Regiecentrum Bescherming en Veiligheid (Stichting) .pdf
7,[01/01] – [31/12],,2019,30,DigiMV2020_VFM29THY99_0_01099530_Jaarrekening_3057_Regiecentrum Bescherming en Veiligheid (Stichting) .pdf
8,[01/01] – [31/12],145.708,None,30,DigiMV2020_VFM29THY99_0_01099530_Jaarrekening_3057_Regiecentrum Bescherming en Veiligheid (Stichting) .pdf
9,[01/01] – [31/12],145.782,None,30,DigiMV2020_VFM29THY99_0_01099530_Jaarrekening_3057_Regiecentrum Bescherming en Veiligheid (Stichting) .pdf
10,[01/01] – [31/12],145.708,None,30,DigiMV2020_VFM29THY99_0_01099530_Jaarrekening_3057_Regiecentrum Bescherming en Veiligheid (Stichting) .pdf
11,[01/01] – [31/12],145.782,None,30,DigiMV2020_VFM29THY99_0_01099530_Jaarrekening_3057_Regiecentrum Bescherming en Veiligheid (Stichting) .pdf
12,dhr. S. Tuinier,,2020,31,DigiMV2020_VFM29THY99_0_01099530_Jaarrekening_3057_Regiecentrum Bescherming en Veiligheid (Stichting) .pdf
13,dhr. C. Marsman,,2020,31,DigiMV2020_VFM29THY99_0_01099530_Jaarrekening_3057_Regiecentrum Bescherming en Veiligheid (Stichting) .pdf
14,dhr. S. Tuinier,12545,None,31,DigiMV2020_VFM29THY99_0_01099530_Jaarrekening_3057_Regiecentrum Bescherming en Veiligheid (Stichting) .pdf
15,dhr. C. Marsman,8660,None,31,DigiMV2020_VFM29THY99_0_01099530_Jaarrekening_3057_Regiecentrum Bescherming en Veiligheid (Stichting) .pdf
16,dhr. S. Tuinier,,2019,31,DigiMV2020_VFM29THY99_0_01099530_Jaarrekening_3057_Regiecentrum Bescherming en Veiligheid (Stichting) .pdf
17,dhr. C. Marsman,,2019,31,DigiMV2020_VFM29THY99_0_01099530_Jaarrekening_3057_Regiecentrum Bescherming en Veiligheid (Stichting) .pdf
18,dhr. S. Tuinier,,2019,31,DigiMV2020_VFM29THY99_0_01099530_Jaarrekening_3057_Regiecentrum Bescherming en Veiligheid (Stichting) .pdf
19,dhr. C. Marsman,,2019,31,DigiMV2020_VFM29THY99_0_01099530_Jaarrekening_3057_Regiecentrum Bescherming en Veiligheid (Stichting) .pdf
20,dhr. S. Tuinier,10092,None,31,DigiMV2020_VFM29THY99_0_01099530_Jaarrekening_3057_Regiecentrum Bescherming en Veiligheid (Stichting) .pdf
21,dhr. C. Marsman,10015,None,31,DigiMV2020_VFM29THY99_0_01099530_Jaarrekening_3057_Regiecentrum Bescherming en Veiligheid (Stichting) .pdf
22,dhr. S. Tuinier,10092,None,31,DigiMV2020_VFM29THY99_0_01099530_Jaarrekening_3057_Regiecentrum Bescherming en Veiligheid (Stichting) .pdf
23,dhr. C. Marsman,10015,None,31,DigiMV2020_VFM29THY99_0_01099530_Jaarrekening_3057_Regiecentrum Bescherming en Veiligheid (Stichting) .pdf
24,dhr. A.J. van der Berg,,2020,31,DigiMV2020_VFM29THY99_0_01099530_Jaarrekening_3057_Regiecentrum Bescherming en Veiligheid (Stichting) .pdf
25,dhr. A.J. van der Berg,2020,None,31,DigiMV2020_VFM29THY99_0_01099530_Jaarrekening_3057_Regiecentrum Bescherming en Veiligheid (Stichting) .pdf
26,dhr. A.J. van der Berg,,2019,31,DigiMV2020_VFM29THY99_0_01099530_Jaarrekening_3057_Regiecentrum Bescherming en Veiligheid (Stichting) .pdf
27,dhr. A.J. van der Berg,,2019,31,DigiMV2020_VFM29THY99_0_01099530_Jaarrekening_3057_Regiecentrum Bescherming en Veiligheid (Stichting) .pdf
28,dhr. A.J. van der Berg,1780,None,31,DigiMV2020_VFM29THY99_0_01099530_Jaarrekening_3057_Regiecentrum Bescherming en Veiligheid (Stichting) .pdf
29,dhr. A.J. van der Berg,1780,None,31,DigiMV2020_VFM29THY99_0_01099530_Jaarrekening_3057_Regiecentrum Bescherming en Veiligheid (Stichting) .pdf
30,B. Veenhuizen,,None,19,DigiMV2020_VFYDG2XSYT_0_55772803_Jaarrekening_5839_Zorg Intens B.V..pdf
31,B. Veenhuizen,135.000,None,19,DigiMV2020_VFYDG2XSYT_0_55772803_Jaarrekening_5839_Zorg Intens B.V..pdf
32,B. Veenhuizen,,2019,19,DigiMV2020_VFYDG2XSYT_0_55772803_Jaarrekening_5839_Zorg Intens B.V..pdf
33,B. Veenhuizen,,2019,19,DigiMV2020_VFYDG2XSYT_0_55772803_Jaarrekening_5839_Zorg Intens B.V..pdf
34,B. Veenhuizen,99.996,None,19,DigiMV2020_VFYDG2XSYT_0_55772803_Jaarrekening_5839_Zorg Intens B.V..pdf
35,B. Veenhuizen,99.996,None,19,DigiMV2020_VFYDG2XSYT_0_55772803_Jaarrekening_5839_Zorg Intens B.V..pdf
36,E. Kleijn,,2020,34,DigiMV2020_VTRD5U4EU7_0_53745817_Jaarrekening_5157_Juutsom (Stichting).pdf
37,Voorzitter RvB,,2020,34,DigiMV2020_VTRD5U4EU7_0_53745817_Jaarrekening_5157_Juutsom (Stichting).pdf
38,Vice-voorzitter RvB,,2020,34,DigiMV2020_VTRD5U4EU7_0_53745817_Jaarrekening_5157_Juutsom (Stichting).pdf
39,E. Kleijn,,2019,34,DigiMV2020_VTRD5U4EU7_0_53745817_Jaarrekening_5157_Juutsom (Stichting).pdf
40,Voorzitter RvB,,2019,34,DigiMV2020_VTRD5U4EU7_0_53745817_Jaarrekening_5157_Juutsom (Stichting).pdf
41,Vice-voorzitter RvB,,2019,34,DigiMV2020_VTRD5U4EU7_0_53745817_Jaarrekening_5157_Juutsom (Stichting).pdf
42,E. Kleijn,,2019,34,DigiMV2020_VTRD5U4EU7_0_53745817_Jaarrekening_5157_Juutsom (Stichting).pdf
43,Voorzitter RvB,,2019,34,DigiMV2020_VTRD5U4EU7_0_53745817_Jaarrekening_5157_Juutsom (Stichting).pdf
44,Vice-voorzitter RvB,,2019,34,DigiMV2020_VTRD5U4EU7_0_53745817_Jaarrekening_5157_Juutsom (Stichting).pdf
45,"Directeur/ Directeur Directeur/
Functiegegevens bestuurder bestuurder",Bezoldiging,None,26,DigiMV2020_VTU96J8DBT_0_09063038_Accountantsverklaring_9882_Nieuwland Opleidingen B.V..pdf
46,"Directeur/ Directeur Directeur/
Functiegegevens bestuurder bestuurder",Bezoldiging,None,26,DigiMV2020_VTU96J8DBT_0_09063038_Jaarrekening_9881_Nieuwland Opleidingen B.V..pdf
47,bedragen x € 1 De heer B.L. Kok,Bezoldiging,None,15,DigiMV2020_VUM5M72TGH_0_09159137_Jaarrekening_3955_Zorgboerderij De Veenhoeve (Stichting).pdf
48,bedragen x € 1 De heer B.L. Kok,Bezoldiging,2019,15,DigiMV2020_VUM5M72TGH_0_09159137_Jaarrekening_3955_Zorgboerderij De Veenhoeve (Stichting).pdf
49,bedragen x € 1 De heer B.L. Kok,Bezoldiging,2019,15,DigiMV2020_VUM5M72TGH_0_09159137_Jaarrekening_3955_Zorgboerderij De Veenhoeve (Stichting).pdf
50,"De heer C.H. De heer T. De heer G.
bedragen x € 1
Achterberg Hardeman Bouwheer",Bezoldiging,None,15,DigiMV2020_VUM5M72TGH_0_09159137_Jaarrekening_3955_Zorgboerderij De Veenhoeve (Stichting).pdf
51,"Mevr. R.M. van
den Brink -
Oudshoorn",,None,15,DigiMV2020_VUM5M72TGH_0_09159137_Jaarrekening_3955_Zorgboerderij De Veenhoeve (Stichting).pdf
52,"De heer C.H. De heer T. De heer G.
bedragen x € 1
Achterberg Hardeman Bouwheer",Bezoldiging,2019,15,DigiMV2020_VUM5M72TGH_0_09159137_Jaarrekening_3955_Zorgboerderij De Veenhoeve (Stichting).pdf
53,"Mevr. R.M. van
den Brink -
Oudshoorn",,2019,15,DigiMV2020_VUM5M72TGH_0_09159137_Jaarrekening_3955_Zorgboerderij De Veenhoeve (Stichting).pdf
54,"De heer C.H. De heer T. De heer G.
bedragen x € 1
Achterberg Hardeman Bouwheer",Bezoldiging,2019,15,DigiMV2020_VUM5M72TGH_0_09159137_Jaarrekening_3955_Zorgboerderij De Veenhoeve (Stichting).pdf
55,"Mevr. R.M. van
den Brink -
Oudshoorn",,2019,15,DigiMV2020_VUM5M72TGH_0_09159137_Jaarrekening_3955_Zorgboerderij De Veenhoeve (Stichting).pdf
56,M.G .H. va n G er wen,,None,39,DigiMV2020_W7BRXAKJHK_0_34184617_Accountantsverklaring_6089_Zorg Ondersteuning Nederland (Stichting).pdf
57,"7
Omvang di ens t ver band ( al s deel t i jdf ac t or i n f t e)",B ezoldiging 9,None,39,DigiMV2020_W7BRXAKJHK_0_34184617_Accountantsverklaring_6089_Zorg Ondersteuning Nederland (Stichting).pdf
58,M.G .H. va n G er wen,€ 4. 778,None,39,DigiMV2020_W7BRXAKJHK_0_34184617_Accountantsverklaring_6089_Zorg Ondersteuning Nederland (Stichting).pdf
59,"7
Omvang di ens t ver band ( al s deel t i jdf ac t or i n f t e)",T ota le bezoldiging,None,39,DigiMV2020_W7BRXAKJHK_0_34184617_Accountantsverklaring_6089_Zorg Ondersteuning Nederland (Stichting).pdf
60,"1 1
- / - Onver s c hul di gd bet aal d en nog ni et t er ugont vangen bedr ag",T ota le bezoldiging,None,39,DigiMV2020_W7BRXAKJHK_0_34184617_Accountantsverklaring_6089_Zorg Ondersteuning Nederland (Stichting).pdf
61,M.G .H. va n G er wen,,None,39,DigiMV2020_W7BRXAKJHK_0_34184617_Accountantsverklaring_6089_Zorg Ondersteuning Nederland (Stichting).pdf
62,"7
Omvang di ens t ver band ( al s deel t i jdf ac t or i n f t e)",B ezoldiging 9,None,39,DigiMV2020_W7BRXAKJHK_0_34184617_Accountantsverklaring_6089_Zorg Ondersteuning Nederland (Stichting).pdf
63,"1 1
- / - Onver s c hul di gd bet aal d en nog ni et t er ugont vangen bedr ag",B ezoldiging 9,None,39,DigiMV2020_W7BRXAKJHK_0_34184617_Accountantsverklaring_6089_Zorg Ondersteuning Nederland (Stichting).pdf
64,G egevens 2 0 1 9 1 4,B ezoldiging 9,None,39,DigiMV2020_W7BRXAKJHK_0_34184617_Accountantsverklaring_6089_Zorg Ondersteuning Nederland (Stichting).pdf
65,M.G .H. va n G er wen,,None,39,DigiMV2020_W7BRXAKJHK_0_34184617_Accountantsverklaring_6089_Zorg Ondersteuning Nederland (Stichting).pdf
66,"7
Omvang di ens t ver band ( al s deel t i jdf ac t or i n f t e)",B ezoldiging 9,None,39,DigiMV2020_W7BRXAKJHK_0_34184617_Accountantsverklaring_6089_Zorg Ondersteuning Nederland (Stichting).pdf
67,M.G .H. va n G er wen,€ 6. 689,None,39,DigiMV2020_W7BRXAKJHK_0_34184617_Accountantsverklaring_6089_Zorg Ondersteuning Nederland (Stichting).pdf
68,"7
Omvang di ens t ver band ( al s deel t i jdf ac t or i n f t e)",T ota le bezoldiging,None,39,DigiMV2020_W7BRXAKJHK_0_34184617_Accountantsverklaring_6089_Zorg Ondersteuning Nederland (Stichting).pdf
69,"1 1
- / - Onver s c hul di gd bet aal d en nog ni et t er ugont vangen bedr ag",T ota le bezoldiging,None,39,DigiMV2020_W7BRXAKJHK_0_34184617_Accountantsverklaring_6089_Zorg Ondersteuning Nederland (Stichting).pdf
70,G egevens 2 0 1 9 1 4,T ota le bezoldiging,None,39,DigiMV2020_W7BRXAKJHK_0_34184617_Accountantsverklaring_6089_Zorg Ondersteuning Nederland (Stichting).pdf
71,M.G .H. va n G er wen,€ 6. 689,None,39,DigiMV2020_W7BRXAKJHK_0_34184617_Accountantsverklaring_6089_Zorg Ondersteuning Nederland (Stichting).pdf
72,"7
Omvang di ens t ver band ( al s deel t i jdf ac t or i n f t e)",T ota le bezoldiging,None,39,DigiMV2020_W7BRXAKJHK_0_34184617_Accountantsverklaring_6089_Zorg Ondersteuning Nederland (Stichting).pdf
73,"1 1
- / - Onver s c hul di gd bet aal d en nog ni et t er ugont vangen bedr ag",T ota le bezoldiging,None,39,DigiMV2020_W7BRXAKJHK_0_34184617_Accountantsverklaring_6089_Zorg Ondersteuning Nederland (Stichting).pdf
74,M.G .H. va n G er wen,,None,39,DigiMV2020_W7BRXAKJHK_0_34184617_Jaarrekening_6087_Zorg Ondersteuning Nederland (Stichting).pdf
75,"7
Omvang di ens t ver band ( al s deel t i jdf ac t or i n f t e)",B ezoldiging 9,None,39,DigiMV2020_W7BRXAKJHK_0_34184617_Jaarrekening_6087_Zorg Ondersteuning Nederland (Stichting).pdf
76,M.G .H. va n G er wen,€ 4. 778,None,39,DigiMV2020_W7BRXAKJHK_0_34184617_Jaarrekening_6087_Zorg Ondersteuning Nederland (Stichting).pdf
77,"7
Omvang di ens t ver band ( al s deel t i jdf ac t or i n f t e)",T ota le bezoldiging,None,39,DigiMV2020_W7BRXAKJHK_0_34184617_Jaarrekening_6087_Zorg Ondersteuning Nederland (Stichting).pdf
78,"1 1
- / - Onver s c hul di gd bet aal d en nog ni et t er ugont vangen bedr ag",T ota le bezoldiging,None,39,DigiMV2020_W7BRXAKJHK_0_34184617_Jaarrekening_6087_Zorg Ondersteuning Nederland (Stichting).pdf
79,M.G .H. va n G er wen,,None,39,DigiMV2020_W7BRXAKJHK_0_34184617_Jaarrekening_6087_Zorg Ondersteuning Nederland (Stichting).pdf
80,"7
Omvang di ens t ver band ( al s deel t i jdf ac t or i n f t e)",B ezoldiging 9,None,39,DigiMV2020_W7BRXAKJHK_0_34184617_Jaarrekening_6087_Zorg Ondersteuning Nederland (Stichting).pdf
81,"1 1
- / - Onver s c hul di gd bet aal d en nog ni et t er ugont vangen bedr ag",B ezoldiging 9,None,39,DigiMV2020_W7BRXAKJHK_0_34184617_Jaarrekening_6087_Zorg Ondersteuning Nederland (Stichting).pdf
82,G egevens 2 0 1 9 1 4,B ezoldiging 9,None,39,DigiMV2020_W7BRXAKJHK_0_34184617_Jaarrekening_6087_Zorg Ondersteuning Nederland (Stichting).pdf
83,M.G .H. va n G er wen,,None,39,DigiMV2020_W7BRXAKJHK_0_34184617_Jaarrekening_6087_Zorg Ondersteuning Nederland (Stichting).pdf
84,"7
Omvang di ens t ver band ( al s deel t i jdf ac t or i n f t e)",B ezoldiging 9,None,39,DigiMV2020_W7BRXAKJHK_0_34184617_Jaarrekening_6087_Zorg Ondersteuning Nederland (Stichting).pdf
85,M.G .H. va n G er wen,€ 6. 689,None,39,DigiMV2020_W7BRXAKJHK_0_34184617_Jaarrekening_6087_Zorg Ondersteuning Nederland (Stichting).pdf
86,"7
Omvang di ens t ver band ( al s deel t i jdf ac t or i n f t e)",T ota le bezoldiging,None,39,DigiMV2020_W7BRXAKJHK_0_34184617_Jaarrekening_6087_Zorg Ondersteuning Nederland (Stichting).pdf
87,"1 1
- / - Onver s c hul di gd bet aal d en nog ni et t er ugont vangen bedr ag",T ota le bezoldiging,None,39,DigiMV2020_W7BRXAKJHK_0_34184617_Jaarrekening_6087_Zorg Ondersteuning Nederland (Stichting).pdf
88,G egevens 2 0 1 9 1 4,T ota le bezoldiging,None,39,DigiMV2020_W7BRXAKJHK_0_34184617_Jaarrekening_6087_Zorg Ondersteuning Nederland (Stichting).pdf
89,M.G .H. va n G er wen,€ 6. 689,None,39,DigiMV2020_W7BRXAKJHK_0_34184617_Jaarrekening_6087_Zorg Ondersteuning Nederland (Stichting).pdf
90,"7
Omvang di ens t ver band ( al s deel t i jdf ac t or i n f t e)",T ota le bezoldiging,None,39,DigiMV2020_W7BRXAKJHK_0_34184617_Jaarrekening_6087_Zorg Ondersteuning Nederland (Stichting).pdf
91,"1 1
- / - Onver s c hul di gd bet aal d en nog ni et t er ugont vangen bedr ag",T ota le bezoldiging,None,39,DigiMV2020_W7BRXAKJHK_0_34184617_Jaarrekening_6087_Zorg Ondersteuning Nederland (Stichting).pdf
92,B.G. Steenbergen,,2020,20,DigiMV2020_W7RNDAWSW6_0_09140622_Jaarrekening_7996_Woonzorgnet B.V..pdf
93,B.G. Steenbergen,"€ 1 10.966,64",None,20,DigiMV2020_W7RNDAWSW6_0_09140622_Jaarrekening_7996_Woonzorgnet B.V..pdf
94,B.G. Steenbergen,"€ 1 10.966,64",None,20,DigiMV2020_W7RNDAWSW6_0_09140622_Jaarrekening_7996_Woonzorgnet B.V..pdf
95,B.G. Steenbergen,,2019,20,DigiMV2020_W7RNDAWSW6_0_09140622_Jaarrekening_7996_Woonzorgnet B.V..pdf
96,bedragen x € 1 B.G. Steenbergen,Bezoldiging,2019,20,DigiMV2020_W7RNDAWSW6_0_09140622_Jaarrekening_7996_Woonzorgnet B.V..pdf
97,P.H.G. Diepemaat,,2019,20,DigiMV2020_W7RNDAWSW6_0_09140622_Jaarrekening_7996_Woonzorgnet B.V..pdf
98,B.G. Steenbergen,"€ 1 12.494,00",None,20,DigiMV2020_W7RNDAWSW6_0_09140622_Jaarrekening_7996_Woonzorgnet B.V..pdf
99,bedragen x € 1 B.G. Steenbergen,Bezoldiging,None,20,DigiMV2020_W7RNDAWSW6_0_09140622_Jaarrekening_7996_Woonzorgnet B.V..pdf
100,P.H.G. Diepemaat,,None,20,DigiMV2020_W7RNDAWSW6_0_09140622_Jaarrekening_7996_Woonzorgnet B.V..pdf
101,bedragen x € 1 E. Fokkema K.N. van Boxtel- M.G.H. Hertogs,Bezoldiging9,2020,26,DigiMV2020_W7SYCM8RY6_0_41088848_Jaarrekening_8143_Archipel (Stichting).pdf
102,"Voorzitter Raad van
Functiegegevens5 Lid Raad van Bestuur Lid Raad van Bestuur
Bestuur",Bezoldiging9,2020,26,DigiMV2020_W7SYCM8RY6_0_41088848_Jaarrekening_8143_Archipel (Stichting).pdf
103,Aanvang6 en einde functievervulling in 2020 01/01 31/12 01/01 31/12 01/01 31/12,Bezoldiging9,2020,26,DigiMV2020_W7SYCM8RY6_0_41088848_Jaarrekening_8143_Archipel (Stichting).pdf
104,bedragen x € 1 E. Fokkema K.N. van Boxtel- M.G.H. Hertogs,Bezoldiging9,None,26,DigiMV2020_W7SYCM8RY6_0_41088848_Jaarrekening_8143_Archipel (Stichting).pdf
105,"Voorzitter Raad van
Functiegegevens5 Lid Raad van Bestuur Lid Raad van Bestuur
Bestuur",Bezoldiging9,None,26,DigiMV2020_W7SYCM8RY6_0_41088848_Jaarrekening_8143_Archipel (Stichting).pdf
106,Aanvang6 en einde functievervulling in 2020 01/01 31/12 01/01 31/12 01/01 31/12,Bezoldiging9,None,26,DigiMV2020_W7SYCM8RY6_0_41088848_Jaarrekening_8143_Archipel (Stichting).pdf
107,Toelichting op de vordering wegens onverschuldigde betaling13 N.v.t. N.v.t. N.v.t.,Bezoldiging9,None,26,DigiMV2020_W7SYCM8RY6_0_41088848_Jaarrekening_8143_Archipel (Stichting).pdf
108,bedragen x € 1 E. Fokkema K.N. van Boxtel- M.G.H. Hertogs,Bezoldiging9,None,26,DigiMV2020_W7SYCM8RY6_0_41088848_Jaarrekening_8143_Archipel (Stichting).pdf
109,"Voorzitter Raad van
Functiegegevens5 Lid Raad van Bestuur Lid Raad van Bestuur
Bestuur",Bezoldiging9,None,26,DigiMV2020_W7SYCM8RY6_0_41088848_Jaarrekening_8143_Archipel (Stichting).pdf
110,"bestuurder/directeur
Functiegegevens5
Archipel thuis bv",Bezoldiging9,2020,27,DigiMV2020_W7SYCM8RY6_0_41088848_Jaarrekening_8143_Archipel (Stichting).pdf
111,Aanvang6 en einde functievervulling in 2020 01/01 31/12,Bezoldiging9,2020,27,DigiMV2020_W7SYCM8RY6_0_41088848_Jaarrekening_8143_Archipel (Stichting).pdf
112,"bestuurder/directeur
Functiegegevens5
Archipel thuis bv",Bezoldiging9,None,27,DigiMV2020_W7SYCM8RY6_0_41088848_Jaarrekening_8143_Archipel (Stichting).pdf
113,Aanvang6 en einde functievervulling in 2020 01/01 31/12,Bezoldiging9,None,27,DigiMV2020_W7SYCM8RY6_0_41088848_Jaarrekening_8143_Archipel (Stichting).pdf
114,Toelichting op de vordering wegens onverschuldigde betaling13 N.v.t.,Bezoldiging9,None,27,DigiMV2020_W7SYCM8RY6_0_41088848_Jaarrekening_8143_Archipel (Stichting).pdf
115,"bestuurder/directeur
Functiegegevens5
Archipel thuis bv",Bezoldiging9,None,27,DigiMV2020_W7SYCM8RY6_0_41088848_Jaarrekening_8143_Archipel (Stichting).pdf
116,bedragen x € 1 R.A. Helder J.P.T. van der Kruis,Bezoldiging,2019,27,DigiMV2020_W7SYCM8RY6_0_41088848_Jaarrekening_8143_Archipel (Stichting).pdf
117,bedragen x € 1 J.P.T. van der Kruis G. Lokerse H. Wüst,Bezoldiging,2020,28,DigiMV2020_W7SYCM8RY6_0_41088848_Jaarrekening_8143_Archipel (Stichting).pdf
118,bedragen x € 1 J.P.T. van der Kruis G. Lokerse H. Wüst,Bezoldiging,2019,28,DigiMV2020_W7SYCM8RY6_0_41088848_Jaarrekening_8143_Archipel (Stichting).pdf
119,A.M.E.A. Willemsen,,None,38,DigiMV2020_WDEQHJ89DT_0_50125095_Jaarrekening_9236_Autismepunt B.V..pdf
120,A.A.L.M. Henkelman,,None,38,DigiMV2020_WDEQHJ89DT_0_50125095_Jaarrekening_9236_Autismepunt B.V..pdf
121,A.M.E.A. Willemsen,,2019,38,DigiMV2020_WDEQHJ89DT_0_50125095_Jaarrekening_9236_Autismepunt B.V..pdf
122,A.A.L.M. Henkelman,,2019,38,DigiMV2020_WDEQHJ89DT_0_50125095_Jaarrekening_9236_Autismepunt B.V..pdf
123,A.M.E.A. Willemsen,,2019,38,DigiMV2020_WDEQHJ89DT_0_50125095_Jaarrekening_9236_Autismepunt B.V..pdf
124,A.A.L.M. Henkelman,,2019,38,DigiMV2020_WDEQHJ89DT_0_50125095_Jaarrekening_9236_Autismepunt B.V..pdf
125,C.P. Schipper,,None,39,DigiMV2020_WDEQHJ89DT_0_50125095_Jaarrekening_9236_Autismepunt B.V..pdf
126,C.P. Schipper,,2019,39,DigiMV2020_WDEQHJ89DT_0_50125095_Jaarrekening_9236_Autismepunt B.V..pdf
127,C.P. Schipper,,2019,39,DigiMV2020_WDEQHJ89DT_0_50125095_Jaarrekening_9236_Autismepunt B.V..pdf
128,"WNT-verantwoording 2020 GGZ Westelijk Noord-Brabant (GGZ WNB)
De WNT is van toepassing op GGZ WNB. Het voor GGZ WNB toepasselijke bezoldigingsmaximum is in 2020 € 201.000, conform
klasse V van de landelijke indeling.
1. Bezoldiging topfunctionarissen
1a. Leidinggevende topfunctionarissen met dienstbetrekking en leidinggevende topfunctionarissen zonder dienstbetrekking vanaf
de 13e maand van de functievervulling",Bezoldiging9,2020,29,DigiMV2020_WPUAXVKR2B_0_20100506_Jaarrekening_4408_GGZ Westelijk Noord-Brabant _ GGZ-WNB (Stichting).pdf
129,bedragen x € 1 Mw. C.M.J. Strijp Mw. E.A.M. Govers,Bezoldiging9,2020,29,DigiMV2020_WPUAXVKR2B_0_20100506_Jaarrekening_4408_GGZ Westelijk Noord-Brabant _ GGZ-WNB (Stichting).pdf
130,Functiegegevens5 Voorzitter Raad van Bestuur Lid Raad van Bestuur,Bezoldiging9,2020,29,DigiMV2020_WPUAXVKR2B_0_20100506_Jaarrekening_4408_GGZ Westelijk Noord-Brabant _ GGZ-WNB (Stichting).pdf
131,Aanvang6 en einde functievervulling in 2020 01/01 - 31/12 01/01 - 31/12,Bezoldiging9,2020,29,DigiMV2020_WPUAXVKR2B_0_20100506_Jaarrekening_4408_GGZ Westelijk Noord-Brabant _ GGZ-WNB (Stichting).pdf
132,Dienstbetrekking?8 Ja Ja,Bezoldiging9,2020,29,DigiMV2020_WPUAXVKR2B_0_20100506_Jaarrekening_4408_GGZ Westelijk Noord-Brabant _ GGZ-WNB (Stichting).pdf
133,"WNT-verantwoording 2020 GGZ Westelijk Noord-Brabant (GGZ WNB)
De WNT is van toepassing op GGZ WNB. Het voor GGZ WNB toepasselijke bezoldigingsmaximum is in 2020 € 201.000, conform
klasse V van de landelijke indeling.
1. Bezoldiging topfunctionarissen
1a. Leidinggevende topfunctionarissen met dienstbetrekking en leidinggevende topfunctionarissen zonder dienstbetrekking vanaf
de 13e maand van de functievervulling",Bezoldiging9,None,29,DigiMV2020_WPUAXVKR2B_0_20100506_Jaarrekening_4408_GGZ Westelijk Noord-Brabant _ GGZ-WNB (Stichting).pdf
134,bedragen x € 1 Mw. C.M.J. Strijp Mw. E.A.M. Govers,Bezoldiging9,None,29,DigiMV2020_WPUAXVKR2B_0_20100506_Jaarrekening_4408_GGZ Westelijk Noord-Brabant _ GGZ-WNB (Stichting).pdf
135,Functiegegevens5 Voorzitter Raad van Bestuur Lid Raad van Bestuur,Bezoldiging9,None,29,DigiMV2020_WPUAXVKR2B_0_20100506_Jaarrekening_4408_GGZ Westelijk Noord-Brabant _ GGZ-WNB (Stichting).pdf
136,Aanvang6 en einde functievervulling in 2020 01/01 - 31/12 01/01 - 31/12,Bezoldiging9,None,29,DigiMV2020_WPUAXVKR2B_0_20100506_Jaarrekening_4408_GGZ Westelijk Noord-Brabant _ GGZ-WNB (Stichting).pdf
137,Dienstbetrekking?8 Ja Ja,Bezoldiging9,None,29,DigiMV2020_WPUAXVKR2B_0_20100506_Jaarrekening_4408_GGZ Westelijk Noord-Brabant _ GGZ-WNB (Stichting).pdf
138,"Toelichting op de vordering wegens onverschuldigde
N.v.t. N.v.t.
betaling13",Bezoldiging9,None,29,DigiMV2020_WPUAXVKR2B_0_20100506_Jaarrekening_4408_GGZ Westelijk Noord-Brabant _ GGZ-WNB (Stichting).pdf
139,bedragen x € 1 Mw. C.M.J. Strijp Mw. E.A.M. Govers,Bezoldiging9,None,29,DigiMV2020_WPUAXVKR2B_0_20100506_Jaarrekening_4408_GGZ Westelijk Noord-Brabant _ GGZ-WNB (Stichting).pdf
140,Functiegegevens5 Voorzitter Raad van Bestuur Lid Raad van Bestuur,Bezoldiging9,None,29,DigiMV2020_WPUAXVKR2B_0_20100506_Jaarrekening_4408_GGZ Westelijk Noord-Brabant _ GGZ-WNB (Stichting).pdf
141,Dienstbetrekking?8 Ja Ja,Bezoldiging9,None,29,DigiMV2020_WPUAXVKR2B_0_20100506_Jaarrekening_4408_GGZ Westelijk Noord-Brabant _ GGZ-WNB (Stichting).pdf
142,"WNT-verantwoording 2020 GGZ Westelijk Noord-Brabant (GGZ WNB)
De WNT is van toepassing op GGZ WNB. Het voor GGZ WNB toepasselijke bezoldigingsmaximum is in 2020 € 201.000, conform
klasse V van de landelijke indeling.
1. Bezoldiging topfunctionarissen
1a. Leidinggevende topfunctionarissen met dienstbetrekking en leidinggevende topfunctionarissen zonder dienstbetrekking vanaf
de 13e maand van de functievervulling",Bezoldiging,2020,29,DigiMV2020_WPUAXVKR2B_0_20100506_Jaarrekening_4408_GGZ Westelijk Noord-Brabant _ GGZ-WNB (Stichting).pdf
143,bedragen x € 1 Mw. C.M.J. Strijp Mw. E.A.M. Govers,Bezoldiging,2020,29,DigiMV2020_WPUAXVKR2B_0_20100506_Jaarrekening_4408_GGZ Westelijk Noord-Brabant _ GGZ-WNB (Stichting).pdf
144,Functiegegevens5 Voorzitter Raad van Bestuur Lid Raad van Bestuur,Bezoldiging,2020,29,DigiMV2020_WPUAXVKR2B_0_20100506_Jaarrekening_4408_GGZ Westelijk Noord-Brabant _ GGZ-WNB (Stichting).pdf
145,Aanvang6 en einde functievervulling in 2020 01/01 - 31/12 01/01 - 31/12,Bezoldiging,2020,29,DigiMV2020_WPUAXVKR2B_0_20100506_Jaarrekening_4408_GGZ Westelijk Noord-Brabant _ GGZ-WNB (Stichting).pdf
146,Dienstbetrekking?8 Ja Ja,Bezoldiging,2020,29,DigiMV2020_WPUAXVKR2B_0_20100506_Jaarrekening_4408_GGZ Westelijk Noord-Brabant _ GGZ-WNB (Stichting).pdf
147,"Toelichting op de vordering wegens onverschuldigde
N.v.t. N.v.t.
betaling13",Bezoldiging,2020,29,DigiMV2020_WPUAXVKR2B_0_20100506_Jaarrekening_4408_GGZ Westelijk Noord-Brabant _ GGZ-WNB (Stichting).pdf
148,bedragen x € 1 Mw. C.M.J. Strijp Mw. E.A.M. Govers,Bezoldiging,2020,29,DigiMV2020_WPUAXVKR2B_0_20100506_Jaarrekening_4408_GGZ Westelijk Noord-Brabant _ GGZ-WNB (Stichting).pdf
149,Functiegegevens5 Voorzitter Raad van Bestuur Lid Raad van Bestuur,Bezoldiging,2020,29,DigiMV2020_WPUAXVKR2B_0_20100506_Jaarrekening_4408_GGZ Westelijk Noord-Brabant _ GGZ-WNB (Stichting).pdf
150,Dienstbetrekking?8 Ja Ja,Bezoldiging,2020,29,DigiMV2020_WPUAXVKR2B_0_20100506_Jaarrekening_4408_GGZ Westelijk Noord-Brabant _ GGZ-WNB (Stichting).pdf
151,bedragen x € 1 Dhr. R.G.H. van Dam Dhr. O.P.W.M. Zanin Mw. A.M.A. Meijs,Bezoldiging,2020,29,DigiMV2020_WPUAXVKR2B_0_20100506_Jaarrekening_4408_GGZ Westelijk Noord-Brabant _ GGZ-WNB (Stichting).pdf
152,"WNT-verantwoording 2020 GGZ Westelijk Noord-Brabant (GGZ WNB)
De WNT is van toepassing op GGZ WNB. Het voor GGZ WNB toepasselijke bezoldigingsmaximum is in 2020 € 201.000, conform
klasse V van de landelijke indeling.
1. Bezoldiging topfunctionarissen
1a. Leidinggevende topfunctionarissen met dienstbetrekking en leidinggevende topfunctionarissen zonder dienstbetrekking vanaf
de 13e maand van de functievervulling",Bezoldiging,2019,29,DigiMV2020_WPUAXVKR2B_0_20100506_Jaarrekening_4408_GGZ Westelijk Noord-Brabant _ GGZ-WNB (Stichting).pdf
153,bedragen x € 1 Mw. C.M.J. Strijp Mw. E.A.M. Govers,Bezoldiging,2019,29,DigiMV2020_WPUAXVKR2B_0_20100506_Jaarrekening_4408_GGZ Westelijk Noord-Brabant _ GGZ-WNB (Stichting).pdf
154,Functiegegevens5 Voorzitter Raad van Bestuur Lid Raad van Bestuur,Bezoldiging,2019,29,DigiMV2020_WPUAXVKR2B_0_20100506_Jaarrekening_4408_GGZ Westelijk Noord-Brabant _ GGZ-WNB (Stichting).pdf
155,Aanvang6 en einde functievervulling in 2020 01/01 - 31/12 01/01 - 31/12,Bezoldiging,2019,29,DigiMV2020_WPUAXVKR2B_0_20100506_Jaarrekening_4408_GGZ Westelijk Noord-Brabant _ GGZ-WNB (Stichting).pdf
156,Dienstbetrekking?8 Ja Ja,Bezoldiging,2019,29,DigiMV2020_WPUAXVKR2B_0_20100506_Jaarrekening_4408_GGZ Westelijk Noord-Brabant _ GGZ-WNB (Stichting).pdf
157,"Toelichting op de vordering wegens onverschuldigde
N.v.t. N.v.t.
betaling13",Bezoldiging,2019,29,DigiMV2020_WPUAXVKR2B_0_20100506_Jaarrekening_4408_GGZ Westelijk Noord-Brabant _ GGZ-WNB (Stichting).pdf
158,bedragen x € 1 Mw. C.M.J. Strijp Mw. E.A.M. Govers,Bezoldiging,2019,29,DigiMV2020_WPUAXVKR2B_0_20100506_Jaarrekening_4408_GGZ Westelijk Noord-Brabant _ GGZ-WNB (Stichting).pdf
159,Functiegegevens5 Voorzitter Raad van Bestuur Lid Raad van Bestuur,Bezoldiging,2019,29,DigiMV2020_WPUAXVKR2B_0_20100506_Jaarrekening_4408_GGZ Westelijk Noord-Brabant _ GGZ-WNB (Stichting).pdf
160,Dienstbetrekking?8 Ja Ja,Bezoldiging,2019,29,DigiMV2020_WPUAXVKR2B_0_20100506_Jaarrekening_4408_GGZ Westelijk Noord-Brabant _ GGZ-WNB (Stichting).pdf
161,bedragen x € 1 Dhr. R.G.H. van Dam Dhr. O.P.W.M. Zanin Mw. A.M.A. Meijs,Bezoldiging,2019,29,DigiMV2020_WPUAXVKR2B_0_20100506_Jaarrekening_4408_GGZ Westelijk Noord-Brabant _ GGZ-WNB (Stichting).pdf
162,bedragen x € 1 Dhr. R.G.H. van Dam Dhr. O.P.W.M. Zanin Mw. A.M.A. Meijs,Bezoldiging,2019,29,DigiMV2020_WPUAXVKR2B_0_20100506_Jaarrekening_4408_GGZ Westelijk Noord-Brabant _ GGZ-WNB (Stichting).pdf
163,bedragen x € 1 Dhr. L.C.M. van den Oever Dhr. J.A. van den Bos,Bezoldiging,2020,30,DigiMV2020_WPUAXVKR2B_0_20100506_Jaarrekening_4408_GGZ Westelijk Noord-Brabant _ GGZ-WNB (Stichting).pdf
164,bedragen x € 1 Dhr. L.C.M. van den Oever Dhr. J.A. van den Bos,Bezoldiging,2019,30,DigiMV2020_WPUAXVKR2B_0_20100506_Jaarrekening_4408_GGZ Westelijk Noord-Brabant _ GGZ-WNB (Stichting).pdf
165,bedragen x € 1 Dhr. L.C.M. van den Oever Dhr. J.A. van den Bos,Bezoldiging,2019,30,DigiMV2020_WPUAXVKR2B_0_20100506_Jaarrekening_4408_GGZ Westelijk Noord-Brabant _ GGZ-WNB (Stichting).pdf
166,bedragen x € 1 Dhr. L.C.M. van den Oever Dhr. J.A. van den Bos,Bezoldiging,2020,30,DigiMV2020_WPUAXVKR2B_0_20100506_Jaarrekening_4408_GGZ Westelijk Noord-Brabant _ GGZ-WNB (Stichting).pdf
167,bedragen x € 1 Dhr. L.C.M. van den Oever Dhr. J.A. van den Bos,Bezoldiging,2020,30,DigiMV2020_WPUAXVKR2B_0_20100506_Jaarrekening_4408_GGZ Westelijk Noord-Brabant _ GGZ-WNB (Stichting).pdf
168,bedragen x € 1 Dhr. L.C.M. van den Oever Dhr. J.A. van den Bos,Bezoldiging,2019,30,DigiMV2020_WPUAXVKR2B_0_20100506_Jaarrekening_4408_GGZ Westelijk Noord-Brabant _ GGZ-WNB (Stichting).pdf
169,bedragen x € 1 Dhr. L.C.M. van den Oever Dhr. J.A. van den Bos,Bezoldiging,2019,30,DigiMV2020_WPUAXVKR2B_0_20100506_Jaarrekening_4408_GGZ Westelijk Noord-Brabant _ GGZ-WNB (Stichting).pdf
170,P. van der Wijk,,2020,96,DigiMV2020_X9ZWEKZNRT_0_41017323_Jaarrekening_3996_Wilhelmina Ziekenhuis Assen (Stichting).pdf
171,S.P. Kruizinga,,2020,96,DigiMV2020_X9ZWEKZNRT_0_41017323_Jaarrekening_3996_Wilhelmina Ziekenhuis Assen (Stichting).pdf
172,P. van der Wijk,,2019,96,DigiMV2020_X9ZWEKZNRT_0_41017323_Jaarrekening_3996_Wilhelmina Ziekenhuis Assen (Stichting).pdf
173,S.P. Kruizinga,,2019,96,DigiMV2020_X9ZWEKZNRT_0_41017323_Jaarrekening_3996_Wilhelmina Ziekenhuis Assen (Stichting).pdf
